<?xml version="1.0" encoding="UTF-8" standalone="yes"?>
<addon id="script.hello.x" name="Hello X" version="1.0.1" provider-name="Xi">
	<requires>
		<import addon="xbmc.python" version="2.14.0"/>
	</requires>
	<extension point="xbmc.python.script" library="addon.py">
		<provides>executable</provides>
	</extension>
	<extension point="xbmc.addon.metadata">
		<platform>all</platform>
		<summary lang="en">X Hello World</summary>
		<description lang="en">Example Script to show hello world</description>
		<license>X License, v2</license>
		<language></language>
		<forum>http://ixio.ml</forum>
		<source>https://github.com/zag2me/script.hello.world</source>
		<website>ixio.ml</website>
		<email>zag@kodi.org</email>
		<assets>
			<icon>icon.png</icon>
			<fanart>joker.jpg</fanart>
			<screenshot>resources/screenshot-01.jpg</screenshot>
			<screenshot>resources/screenshot-02.jpg</screenshot>
			<screenshot>resources/screenshot-03.jpg</screenshot>
		</assets>
		<news>Updated the addon to use new addon.xml metadata</news>
	</extension>
</addon>
